{
  "utm_medium": {
    "cpc": 0.26814763595362334,
    "banner": 0.22336153330964756,
    "(none)": 0.20760817350499441,
    "cpm": 0.11841905240087805,
    "referral": 0.09979125821003264,
    "organic": 0.024638133120450875,
    "email": 0.023834611873177418,
    "stories": 0.009140162771687907,
    "cpv": 0.0068442636835325055,
    "blogger_channel": 0.005113001147515208,
    "tg": 0.0033852132979726073,
    "blogger_stories": 0.003338305030564211,
    "push": 0.0021586489724049088,
    "post": 0.0018702499950051382,
    "blogger_header": 0.0006697458179976598,
    "clicks": 0.0006158881776398713,
    "smm": 0.0002649448436955723,
    "cpa": 0.00018676439801491163,
    "(not set)": 0.00017981502506551956,
    "smartbanner": 0.0001398561306065152,
    "sms": 0.0001042405942408809,
    "landing": 9.729122129148884e-05,
    "cbaafe": 4.082756607767835e-05,
    "static": 1.8242103992154158e-05,
    "article": 1.042405942408809e-05,
    "social": 7.818044568066067e-06,
    "catalogue": 3.47468647469603e-06,
    "outlook": 2.6060148560220227e-06,
    "reach": 1.737343237348015e-06,
    "nkp": 1.737343237348015e-06,
    "last": 8.686716186740075e-07,
    "qrcodevideo": 8.686716186740075e-07,
    "sber_app": 8.686716186740075e-07,
    "tablet": 8.686716186740075e-07,
    "CPM": 8.686716186740075e-07
  },
  "device_category": {
    "mobile": 0.7664776147667226,
    "desktop": 0.22253542660028858,
    "tablet": 0.010986958632988847
  },
  "geo_country": {
    "Russia": 0.9649899277525815,
    "other_country": 0.011572443303975128,
    "United States": 0.006832102280871069,
    "Ukraine": 0.005311926948191556,
    "Belarus": 0.002415775771532415,
    "Ireland": 0.002218587314093415,
    "Sweden": 0.0015792450027493456,
    "Kazakhstan": 0.0014307021559560903,
    "Germany": 0.0013751071723609538,
    "Turkey": 0.0013030074280110113,
    "Netherlands": 0.0009711748696775404
  },
  "geo_city": {
    "Moscow": 0.4520706091038523,
    "other_city": 0.2957244851600484,
    "Saint Petersburg": 0.16492338750659105,
    "Yekaterinburg": 0.016397045474090564,
    "Kazan": 0.014889900215691162,
    "Krasnodar": 0.014485099241389075,
    "Samara": 0.011598503452535349,
    "Nizhny Novgorod": 0.010345010306788756,
    "Ufa": 0.009813383276160263,
    "Novosibirsk": 0.009752576262853082
  },
  "traffic_group": {
    "performance": 0.39359771643604885,
    "organic": 0.3320375648354779,
    "banner": 0.22336153330964756,
    "email": 0.023834611873177418,
    "social": 0.02191919095400123,
    "other": 0.002986493025001238,
    "push": 0.0021586489724049088,
    "sms": 0.0001042405942408809
  },
  "car_brand": {
    "other_brand": 0.9234795857826253,
    "lada-vaz": 0.018265558125858356,
    "mercedes-benz": 0.015970527709321627,
    "skoda": 0.015845438996232572,
    "volkswagen": 0.009134950741975864,
    "nissan": 0.005595113895879283,
    "bmw": 0.004013262878273915,
    "toyota": 0.003918577671838448,
    "kia": 0.0037517927210530383,
    "renault": 2.2585462085524197e-05,
    "lexus": 2.6060148560220227e-06
  },
  "car_model": {
    "other_model": 0.9222530214570577,
    "vesta": 0.01679663441868061,
    "rapid": 0.011452566620598115,
    "polo": 0.008491265072538423,
    "e-klasse": 0.006362150935168431,
    "qashqai": 0.005069567566581508,
    "karoq": 0.0035146453691550345,
    "glb": 0.0025660559615630183,
    "gla-klasse": 0.0022159812992373932,
    "cayenne": 0.0017008590293637067,
    "sorento": 0.0015627402419945396,
    "tiguan": 0.0014002986493025001,
    "corolla": 0.0013229868752405135,
    "camry": 0.0012621798619333329,
    "land-cruiser-prado": 0.0011900801175833903,
    "solaris": 0.0010893142098172054,
    "gle": 0.0010728094490623993,
    "glc": 0.0010702034342063773,
    "hatch": 0.0009824676007203026,
    "g-klasse": 0.0009233979306504699,
    "seltos": 0.0008330560823083732,
    "octavia": 0.0008287127242150032,
    "rio": 0.0007522696217716905,
    "c-klasse": 0.0006819072206590959,
    "gls-klasse": 0.0006341302816320255,
    "traveller": 0.0005594245224260608,
    "alphard": 0.000465607987609268,
    "s-klasse": 0.0004525779133291579,
    "x-trail": 0.0004482345552357879,
    "kodiaq": 0.0004482345552357879,
    "e-tron": 0.0004265177647689377,
    "fortuner": 0.00035963005013103913,
    "range-rover": 0.00033270122995214486,
    "teramont": 0.00019892580067634773,
    "panamera": 0.0001494115184119293,
    "taos": 0.00010858395233425094,
    "duster": 7.818044568066067e-06,
    "cla-klasse": 5.212029712044045e-06,
    "logan": 3.47468647469603e-06,
    "touareg": 1.737343237348015e-06,
    "cerato": 1.737343237348015e-06,
    "soul": 8.686716186740075e-07
  },
  "brand_model": {
    "other_brand_other_model": 0.9182206478031729,
    "lada-vaz_vesta": 0.0166732830488289,
    "skoda_rapid": 0.0107880328323125,
    "volkswagen_polo": 0.007376759385779672,
    "mercedes-benz_e-klasse": 0.006184073253340259,
    "nissan_qashqai": 0.004823733498496764,
    "bmw_other_model": 0.0035259381001977964,
    "skoda_karoq": 0.0031819441392028896,
    "mercedes-benz_glb": 0.0024913502023570537,
    "mercedes-benz_gla-klasse": 0.0020848118848176183,
    "other_brand_cayenne": 0.0015366800934343192,
    "kia_sorento": 0.0015010645570686849,
    "volkswagen_tiguan": 0.0013047447712483593,
    "other_brand_solaris": 0.0010832335084864874,
    "toyota_land-cruiser-prado": 0.0010693347625877032,
    "toyota_corolla": 0.001026769853272677,
    "mercedes-benz_glc": 0.0010250325100353288,
    "mercedes-benz_gle": 0.0010137397789925667,
    "toyota_camry": 0.0010015783763311307,
    "other_brand_hatch": 0.0009129738712263819,
    "mercedes-benz_g-klasse": 0.0008278440525963292,
    "kia_seltos": 0.000810470620222849,
    "skoda_octavia": 0.0007487949352969945,
    "kia_rio": 0.0007288154880674923,
    "mercedes-benz_c-klasse": 0.0006419483262000916,
    "mercedes-benz_gls-klasse": 0.0006054641182157832,
    "other_brand_traveller": 0.0005333643738658407,
    "lada-vaz_polo": 0.0005073042253056204,
    "lada-vaz_rapid": 0.0004847187632200962,
    "nissan_x-trail": 0.0004404165106677218,
    "mercedes-benz_s-klasse": 0.0004308611228623077,
    "other_brand_e-tron": 0.0004065383175394355,
    "skoda_kodiaq": 0.00037700348250451924,
    "toyota_alphard": 0.0003752661392671712,
    "skoda_polo": 0.0003657107514617572,
    "other_brand_range-rover": 0.0003014290516798806,
    "toyota_fortuner": 0.0002927423354931405,
    "mercedes-benz_other_model": 0.0002180365762871759,
    "volkswagen_teramont": 0.00017720901020949753,
    "other_brand_panamera": 0.0001363814441318192,
    "volkswagen_taos": 0.00010163457938485888,
    "kia_qashqai": 9.815989291016285e-05,
    "lada-vaz_karoq": 9.034184834209679e-05,
    "nissan_karoq": 8.599849024872675e-05,
    "kia_polo": 8.599849024872675e-05,
    "mercedes-benz_cayenne": 8.512981863005273e-05,
    "kia_karoq": 7.904911729933468e-05,
    "toyota_other_model": 7.818044568066067e-05,
    "skoda_camry": 7.731177406198667e-05,
    "nissan_polo": 7.557443082463865e-05,
    "lada-vaz_qashqai": 7.383708758729064e-05,
    "skoda_corolla": 7.383708758729064e-05,
    "bmw_e-klasse": 7.123107273126862e-05,
    "kia_corolla": 6.254435654452854e-05,
    "kia_rapid": 5.993834168850652e-05,
    "lada-vaz_e-klasse": 5.6463655213810486e-05,
    "mercedes-benz_camry": 5.298896873911446e-05,
    "lada-vaz_other_model": 5.298896873911446e-05,
    "kia_other_model": 5.212029712044045e-05,
    "bmw_cayenne": 5.1251625501766445e-05,
    "other_brand_rapid": 5.0382953883092434e-05,
    "nissan_corolla": 5.0382953883092434e-05,
    "lada-vaz_gla-klasse": 4.60395957897224e-05,
    "volkswagen_other_model": 4.5170924171048394e-05,
    "lada-vaz_corolla": 4.169623769635236e-05,
    "kia_kodiaq": 4.082756607767835e-05,